ProductName,Som van UnitsInStock
Rhönbräu Klosterbier,125
Boston Crab Meat,123
Grandma's Boysenberry Spread,120
Pâté chinois,115
Sirop d'érable,113
Geitost,112
Inlagd Sill,112
Sasquatch Ale,111
Gustaf's Knäckebröd,104
Röd Kaviar,101
Spegesild,95
Queso Manchego La Pastora,86
Jack's New England Clam Chowder,85
Raclette Courdavault,79
Louisiana Fiery Hot Pepper Sauce,76
NuNuCa Nuß-Nougat-Creme,76
Chartreuse verte,69
Valkoinen suklaa,65
Escargots de Bourgogne,62
Tunnbröd,61
Lakkalikööri,57
Chef Anton's Cajun Seasoning,53
Laughing Lumberjack Lager,52
Schoggi Schokolade,49
Carnarvon Tigers,42
Sir Rodney's Marmalade,40
Chai,39
Genen Shouyu,39
Filo Mix,38
Ravioli Angelo,36
Zaanse koeken,36
Tofu,35
Original Frankfurter grüne Soße,32
Ikura,31
Mishi Kobe Niku,29
Pavlova,29
Gula Malacca,27
Flotemysost,26
Gudbrandsdalsost,26
Rössle Sauerkraut,26
Singaporean Hokkien Fried Mee,26
Teatime Chocolate Biscuits,25
Konbu,24
Vegie-spread,24
Queso Cabrales,22
Wimmers gute Semmelknödel,22
Gnocchi di nonna Alice,21
Tourtière,21
Guaraná Fantástica,20
Manjimup Dried Apples,20
Steeleye Stout,20
Camembert Pierrot,19
Chang,17
Côte de Blaye,17
Ipoh Coffee,17
Tarte au sucre,17
Chocolade,15
Gumbär Gummibärchen,15
Outback Lager,15
Uncle Bob's Organic Dried Pears,15
Mozzarella di Giovanni,14
Aniseed Syrup,13
Gravad lax,11
Maxilaku,10
Nord-Ost Matjeshering,10
Mascarpone Fabioli,9
Northwoods Cranberry Sauce,6
Scottish Longbreads,6
Rogede sild,5
Longlife Tofu,4
Louisiana Hot Spiced Okra,4
Sir Rodney's Scones,3
Alice Mutton,0
Chef Anton's Gumbo Mix,0
Gorgonzola Telino,0
Perth Pasties,0
Thüringer Rostbratwurst,0
